City ID,City,Country,Date,Lat,Lng,Max Temp,Humidity,Cloudiness,Wind Speed
0,Hermanus,ZA,2022-07-16 01:04:19,-34.4187,19.2345,53.8,75,93,8.7
1,Souillac,MU,2022-07-16 01:04:19,-20.5167,57.5167,70.16,77,74,15.52
2,Port Elizabeth,ZA,2022-07-16 01:00:16,-33.918,25.5701,52.09,93,0,8.05
3,Bolgatanga,GH,2022-07-16 01:04:19,10.7856,-0.8514,77.74,81,100,4.94
4,Frederico Westphalen,BR,2022-07-16 01:01:20,-27.3592,-53.3944,69.44,78,100,3.65
5,Uray,RU,2022-07-16 01:04:20,60.1247,64.7758,67.55,87,94,1.81
6,Ushuaia,AR,2022-07-16 01:04:20,-54.8,-68.3,37.06,52,20,20.71
7,Rawson,AR,2022-07-16 01:04:21,-43.3002,-65.1023,40.41,80,73,11.7
8,Piacabucu,BR,2022-07-16 01:04:21,-10.4056,-36.4344,72.27,88,22,8.9
9,Mayumba,GA,2022-07-16 01:04:21,-3.432,10.6554,70.45,92,93,1.25
10,Busselton,AU,2022-07-16 01:04:22,-33.65,115.3333,58.66,68,100,5.57
11,Taltal,CL,2022-07-16 01:02:18,-25.4,-70.4833,54.63,75,41,1.5
12,Pitimbu,BR,2022-07-16 01:04:22,-7.4706,-34.8086,75.79,86,9,12.53
13,Pasni,PK,2022-07-16 01:04:23,25.2631,63.471,83.57,86,100,3.49
14,Vestmannaeyjar,IS,2022-07-16 01:03:12,63.4427,-20.2734,50.99,100,100,33.38
15,Port Alfred,ZA,2022-07-16 01:04:23,-33.5906,26.891,58.32,75,100,10.0
16,Kruisfontein,ZA,2022-07-16 01:04:24,-34.0033,24.7314,53.37,69,100,5.5
17,Lebu,CL,2022-07-16 01:04:24,-37.6167,-73.65,44.62,82,26,4.52
18,Coihaique,CL,2022-07-16 01:03:24,-45.5752,-72.0662,26.55,86,75,2.3
19,Urumqi,CN,2022-07-16 01:02:03,43.801,87.6005,74.35,29,0,6.71
20,Gangapur,IN,2022-07-16 01:04:24,26.4833,76.7167,86.43,64,92,2.42
21,Sol-Iletsk,RU,2022-07-16 01:04:25,51.1631,54.9918,63.72,75,0,5.86
22,Linguere,SN,2022-07-16 01:04:25,15.3953,-15.1193,84.31,63,3,13.62
23,Cape Town,ZA,2022-07-16 01:04:25,-33.9258,18.4232,58.37,83,68,5.01
24,Torbay,CA,2022-07-16 01:00:07,47.6666,-52.7314,63.88,90,41,4.0
25,Upernavik,GL,2022-07-16 01:04:26,72.7868,-56.1549,47.89,63,11,4.68
26,Jamestown,US,2022-07-16 01:01:05,42.097,-79.2353,66.52,63,100,3.15
27,Touros,BR,2022-07-16 01:00:05,-5.1989,-35.4608,74.08,90,4,13.0
28,Victoria,HK,2022-07-16 01:03:55,22.2855,114.1577,89.96,85,91,11.01
29,Henties Bay,NA,2022-07-16 01:04:27,-22.116,14.2845,71.71,29,0,17.43
30,Bourbonnais,US,2022-07-16 01:04:27,41.1417,-87.875,70.95,99,100,6.91
31,Punta Arenas,CL,2022-07-16 01:01:42,-53.15,-70.9167,27.16,85,100,8.21
32,Sosua,DO,2022-07-16 01:04:28,19.7667,-70.5167,80.58,89,20,0.0
33,Narsaq,GL,2022-07-16 01:04:28,60.9167,-46.05,50.22,88,100,6.73
34,Bonito,BR,2022-07-16 01:04:28,-21.1211,-56.4819,74.86,41,21,6.02
35,Georgetown,MY,2022-07-16 01:00:23,5.4112,100.3354,82.89,83,20,1.01
36,Sidrolandia,BR,2022-07-16 01:04:29,-20.9319,-54.9614,72.3,43,100,5.77
37,Havre-Saint-Pierre,CA,2022-07-16 01:04:29,50.2334,-63.5986,55.76,88,100,4.61
38,Rocha,UY,2022-07-16 01:04:29,-34.4833,-54.3333,55.15,99,100,4.68
39,Ribeira Grande,PT,2022-07-16 01:04:30,38.5167,-28.7,69.71,90,4,7.63
40,Mocuba,MZ,2022-07-16 01:04:30,-16.8392,36.9856,57.4,93,1,4.9
41,Arlit,NE,2022-07-16 01:04:30,18.7369,7.3853,90.63,13,21,10.92
42,Tasiilaq,GL,2022-07-16 01:04:31,65.6145,-37.6368,48.36,74,100,6.93
43,Awbari,LY,2022-07-16 01:04:31,26.5921,12.7805,78.44,22,0,10.22
44,Nizhniy Chir,RU,2022-07-16 01:04:31,48.3597,43.0865,67.35,54,10,7.02
45,Hithadhoo,MV,2022-07-16 01:04:32,-0.6,73.0833,82.9,76,96,13.62
46,Cayenne,GF,2022-07-16 01:04:33,4.9333,-52.3333,76.08,1,100,0.0
47,Luderitz,NA,2022-07-16 00:59:38,-26.6481,15.1594,70.11,27,0,9.04
48,Clarence Town,AU,2022-07-16 01:04:34,-32.5833,151.7833,56.98,60,100,3.78
49,Harstad,NO,2022-07-16 01:04:34,68.799,16.5293,49.39,100,100,4.0
50,East London,ZA,2022-07-16 01:00:10,-33.0153,27.9116,58.48,72,50,10.74
51,Svetlyy,RU,2022-07-16 01:04:35,54.675,20.1347,55.45,82,7,12.17
52,Hadejia,NG,2022-07-16 01:04:35,12.4498,10.0444,77.31,75,95,5.21
53,Adrar,MR,2022-07-16 01:04:35,20.5022,-10.0711,94.57,20,1,6.85
54,Westport,US,2022-07-16 01:00:22,41.1415,-73.3579,75.74,77,17,5.01
55,Arraial Do Cabo,BR,2022-07-16 01:04:36,-22.9661,-42.0278,71.08,83,62,26.46
56,Saint-Joseph,RE,2022-07-16 01:04:36,-21.3667,55.6167,62.98,81,41,10.38
57,Tamale,GH,2022-07-16 01:04:36,9.4008,-0.8393,75.81,84,100,6.35
58,Dikson,RU,2022-07-16 01:04:37,73.5069,80.5464,43.25,83,18,10.51
59,Klaksvik,FO,2022-07-16 01:04:37,62.2266,-6.589,49.12,76,98,5.03
60,Usinsk,RU,2022-07-16 01:04:37,65.9939,57.5281,70.29,71,21,6.49
61,Angoche,MZ,2022-07-16 01:04:38,-16.2325,39.9086,66.47,83,0,12.21
62,Almenara,BR,2022-07-16 01:04:38,-16.1836,-40.6944,69.12,80,100,2.13
63,Krasnoselkup,RU,2022-07-16 01:04:38,65.7,82.4667,61.34,55,79,10.67
64,Bredasdorp,ZA,2022-07-16 01:04:39,-34.5322,20.0403,50.32,89,96,3.8
65,Chuy,UY,2022-07-16 01:04:39,-33.6971,-53.4616,58.06,99,88,3.04
66,Longyearbyen,SJ,2022-07-16 01:04:40,78.2186,15.6401,53.44,66,75,20.71
67,Ostrovnoy,RU,2022-07-16 01:04:40,68.0531,39.5131,54.48,93,100,9.84
68,Inhambane,MZ,2022-07-16 01:04:40,-23.865,35.3833,64.6,83,36,9.98
69,San Carlos De Bariloche,AR,2022-07-16 01:02:58,-41.1456,-71.3082,29.95,74,75,8.05
70,Acarau,BR,2022-07-16 01:01:10,-2.8856,-40.12,78.15,81,12,12.39
71,Sao Filipe,CV,2022-07-16 01:04:41,14.8961,-24.4956,74.8,82,100,5.88
72,Vangaindrano,MG,2022-07-16 01:03:09,-23.35,47.6,62.91,92,14,3.96
73,Ustka,PL,2022-07-16 00:59:53,54.5805,16.8619,51.66,81,99,11.61
74,Beloha,MG,2022-07-16 01:04:42,-25.1667,45.05,63.25,87,0,10.89
75,Dukhovshchina,RU,2022-07-16 01:04:42,55.1919,32.4111,48.38,99,27,5.77
76,Talnakh,RU,2022-07-16 01:04:42,69.4865,88.3972,61.21,53,7,1.36
77,Ornskoldsvik,SE,2022-07-16 01:04:43,63.2909,18.7153,50.95,87,75,17.27
78,Bilma,NE,2022-07-16 01:04:43,18.6853,12.9164,83.07,53,90,2.59
79,Taoudenni,ML,2022-07-16 01:04:43,22.6783,-3.9836,97.99,5,1,19.89
80,Ilulissat,GL,2022-07-16 01:04:44,69.2167,-51.1,41.02,100,100,3.44
81,Saldanha,ZA,2022-07-16 01:04:44,-33.0117,17.9442,57.49,71,14,6.64
82,Kuytun,RU,2022-07-16 01:04:45,54.3419,101.5036,57.11,75,100,3.53
83,Thompson,CA,2022-07-16 01:04:45,55.7435,-97.8558,79.9,32,98,3.69
84,Balaghat,IN,2022-07-16 01:04:45,21.8,80.1833,76.55,93,100,0.58
85,Rio Gallegos,AR,2022-07-16 01:03:06,-51.6226,-69.2181,28.45,80,0,16.11
86,Andenes,NO,2022-07-16 01:04:46,69.3143,16.1194,49.98,93,100,5.75
87,Harnosand,SE,2022-07-16 01:04:46,62.6323,17.9379,52.0,77,100,24.05
88,Tigzirt,DZ,2022-07-16 01:04:46,36.8886,4.1198,76.55,59,0,6.98
89,Volgorechensk,RU,2022-07-16 01:04:47,57.4393,41.1555,51.53,92,0,5.93
90,Cidreira,BR,2022-07-16 01:04:48,-30.1811,-50.2056,62.78,96,99,7.02
91,Nanortalik,GL,2022-07-16 01:04:49,60.1432,-45.2371,40.71,92,100,11.23
92,Borba,BR,2022-07-16 01:04:49,-4.3878,-59.5939,77.47,77,19,2.84
93,Faya,SA,2022-07-16 01:04:49,18.3851,42.4509,68.97,47,96,6.02
94,Iqaluit,CA,2022-07-16 01:01:17,63.7506,-68.5145,65.7,48,28,20.0
95,Montes Claros,BR,2022-07-16 01:04:24,-16.735,-43.8617,63.07,51,3,2.84
96,Leshukonskoye,RU,2022-07-16 01:04:50,64.8989,45.7622,66.15,97,100,7.23
97,Yar-Sale,RU,2022-07-16 01:04:50,66.8333,70.8333,59.2,57,7,7.4
98,Morondava,MG,2022-07-16 01:04:50,-20.2833,44.2833,64.63,84,0,6.08
99,Grindavik,IS,2022-07-16 01:04:51,63.8424,-22.4338,52.27,93,100,26.46
100,Antofagasta,CL,2022-07-16 01:04:51,-23.65,-70.4,56.48,81,1,2.73
101,Teguldet,RU,2022-07-16 01:04:51,57.3064,88.1667,57.22,86,61,4.16
102,Alexandria,EG,2022-07-16 01:04:52,31.2156,29.9553,75.87,73,0,12.24
103,Mar Del Plata,AR,2022-07-16 01:04:52,-38.0023,-57.5575,50.88,97,100,9.22
104,Manono,CD,2022-07-16 01:04:53,-7.3,27.4167,78.82,37,100,10.27
105,Kathu,TH,2022-07-16 01:04:53,7.9178,98.3332,83.7,87,100,8.57
106,Rio Grande,BR,2022-07-16 01:04:53,-32.035,-52.0986,60.94,98,60,7.2
107,Yershichi,RU,2022-07-16 01:04:54,53.6725,32.7542,49.37,97,1,4.92
108,Kulhudhuffushi,MV,2022-07-16 01:04:54,6.6221,73.07,81.66,77,28,9.37
109,Nara,JP,2022-07-16 01:04:55,34.6851,135.8049,81.91,60,100,1.48
110,Qaanaaq,GL,2022-07-16 01:04:55,77.484,-69.3632,51.66,59,84,8.81
111,Qaqortoq,GL,2022-07-16 01:04:55,60.7167,-46.0333,40.37,92,100,7.11
112,Tessalit,ML,2022-07-16 01:04:56,20.1986,1.0114,92.05,25,10,7.67
113,Port-Cartier,CA,2022-07-16 01:04:56,50.0334,-66.8654,62.74,61,68,5.68
114,Tazovskiy,RU,2022-07-16 01:04:56,67.4667,78.7,55.6,65,11,9.8
115,Puerto Quijarro,BO,2022-07-16 01:04:57,-17.7833,-57.7667,81.72,37,99,5.61
116,Puerto Boyaca,CO,2022-07-16 01:00:18,5.9758,-74.5885,75.36,94,63,1.54
117,Qesarya,IL,2022-07-16 01:04:57,32.5189,34.9046,76.96,72,0,4.59
118,Kalmar,SE,2022-07-16 01:04:58,56.6616,16.3616,54.97,84,13,4.0
119,Sarai,RU,2022-07-16 01:04:58,53.7458,41.0213,58.69,82,85,6.46
120,Nargana,PA,2022-07-16 01:04:58,9.4428,-78.5906,79.97,83,30,10.2
121,San Francisco,US,2022-07-16 01:04:02,37.7749,-122.4194,78.62,74,20,24.0
122,Port Antonio,JM,2022-07-16 01:04:59,18.18,-76.4612,79.0,80,19,7.72
123,Bambous Virieux,MU,2022-07-16 01:04:59,-20.3428,57.7575,70.21,76,98,17.0
124,Sinnamary,GF,2022-07-16 01:04:59,5.3833,-52.95,77.76,86,83,6.69
125,Saint-Leu,RE,2022-07-16 01:05:00,-21.15,55.2833,67.03,71,30,1.57
126,Aranos,NA,2022-07-16 01:05:00,-24.1333,19.1167,51.64,33,0,9.35
127,Ponta Do Sol,PT,2022-07-16 01:05:01,32.6667,-17.1,70.43,82,9,3.94
128,Novo Aripuana,BR,2022-07-16 01:05:01,-5.1206,-60.3797,80.01,68,98,3.06
129,Shache,CN,2022-07-16 01:05:01,38.4167,77.2406,71.71,44,68,5.77
130,Safranbolu,TR,2022-07-16 01:05:02,41.2508,32.6942,58.1,95,0,0.94
131,Bangangte,CM,2022-07-16 01:05:02,5.1409,10.5198,61.48,99,100,3.0
132,Sharan,RU,2022-07-16 01:05:02,54.8167,54.0,61.43,95,100,10.13
133,Marabba,SD,2022-07-16 01:05:03,12.35,32.1833,77.23,73,30,7.94
134,Harindanga,IN,2022-07-16 01:05:03,22.0383,88.3214,83.01,85,40,13.4
135,Vardo,NO,2022-07-16 01:05:05,70.3705,31.1107,53.58,82,75,21.85
136,Gamba,GA,2022-07-16 01:05:05,-2.65,10.0,70.7,91,100,3.65
137,Tucuman,AR,2022-07-16 01:00:16,-26.8241,-65.2226,52.66,50,100,0.63
138,Mangai,CD,2022-07-16 01:05:06,-4.05,19.5333,74.01,61,25,1.48
139,Kashin,RU,2022-07-16 01:05:06,57.3592,37.6081,45.93,95,6,6.44
140,Diu,IN,2022-07-16 01:05:07,20.7141,70.9822,80.94,87,100,22.03
141,Lagoa,PT,2022-07-16 01:03:08,39.05,-27.9833,68.83,92,0,13.11
142,Ankazoabo,MG,2022-07-16 01:05:08,-22.2833,44.5167,56.98,79,0,5.23
143,Solikamsk,RU,2022-07-16 01:05:08,59.6196,56.7729,62.26,96,48,1.36
144,Mogadishu,SO,2022-07-16 01:05:09,2.0371,45.3438,75.88,82,82,17.56
145,Terrace Bay,CA,2022-07-16 01:05:10,48.7834,-87.1,48.65,93,28,4.7
146,Badhni Kalan,IN,2022-07-16 01:05:10,30.6833,75.2833,82.42,66,3,4.88
147,Saint George,US,2022-07-16 01:01:01,37.1041,-113.5841,105.26,19,0,13.8
148,Bousso,TD,2022-07-16 01:05:11,10.4795,16.7117,74.66,90,100,1.97
149,Leh,IN,2022-07-16 01:05:11,34.1667,77.5833,55.06,66,94,5.1
150,Brazzaville,CG,2022-07-16 01:02:56,-4.2658,15.2832,74.19,61,2,3.51
151,Lungi,SL,2022-07-16 01:05:12,9.2212,-12.6831,72.81,98,98,2.86
152,Namibe,AO,2022-07-16 01:05:12,-15.1961,12.1522,66.07,88,0,5.26
153,Mahebourg,MU,2022-07-16 01:05:13,-20.4081,57.7,70.25,76,92,17.0
154,Pizarro,CO,2022-07-16 01:05:13,4.9533,-77.366,77.41,85,58,5.48
155,Monrovia,LR,2022-07-16 01:05:13,6.3005,-10.7969,75.33,88,84,8.79
156,Mamallapuram,IN,2022-07-16 01:05:14,12.6264,80.1722,84.25,63,100,11.25
157,Hillsborough,US,2022-07-16 01:02:16,37.5741,-122.3794,80.94,73,20,20.71
158,Takoradi,GH,2022-07-16 01:05:14,4.8845,-1.7554,75.18,89,100,10.96
159,Brae,GB,2022-07-16 01:03:12,60.3964,-1.353,48.74,80,7,6.89
160,Dunda,TZ,2022-07-16 01:05:15,-8.1167,34.25,64.72,68,99,6.8
161,Zemio,CF,2022-07-16 01:05:15,5.0314,25.1361,67.28,98,99,2.77
162,San Cristobal,VE,2022-07-16 01:05:15,7.7669,-72.225,71.78,98,45,2.86
163,Saint-Philippe,RE,2022-07-16 01:05:16,-21.3585,55.7679,63.99,85,54,11.5
164,Tiznit,MA,2022-07-16 01:05:16,29.5833,-9.5,78.87,48,89,2.1
165,Loandjili,CG,2022-07-16 01:05:16,-4.7561,11.8578,69.66,92,3,1.92
166,Lodja,CD,2022-07-16 01:05:17,-3.4833,23.4333,73.18,71,73,1.14
167,Upata,VE,2022-07-16 01:05:17,8.0086,-62.3989,71.19,97,100,1.36
168,Aksarka,RU,2022-07-16 01:05:17,66.5606,67.7975,60.13,58,0,5.7
169,Khandbari,NP,2022-07-16 01:05:18,27.3747,87.2039,76.68,77,29,1.39
170,Port-Gentil,GA,2022-07-16 01:05:18,-0.7193,8.7815,73.8,81,58,12.35
171,Iquique,CL,2022-07-16 01:03:59,-20.2208,-70.1431,57.24,69,4,3.22
172,Kidodi,TZ,2022-07-16 01:05:19,-7.6036,37.0044,66.49,90,85,1.9
173,Karanpura,IN,2022-07-16 01:05:19,29.1018,75.092,88.77,55,41,10.07
174,Bitkine,TD,2022-07-16 01:05:19,11.9801,18.2138,73.78,88,100,4.05
175,Olafsvik,IS,2022-07-16 01:05:20,64.8945,-23.7142,51.13,89,100,17.29
176,Marsciano,IT,2022-07-16 01:05:20,42.9059,12.3359,74.37,65,13,1.72
177,Portel,BR,2022-07-16 01:05:21,-1.9356,-50.8211,78.3,79,100,2.98
178,Sortova,PA,2022-07-16 01:05:21,8.55,-82.65,73.0,92,75,1.57
179,Stykkisholmur,IS,2022-07-16 01:05:21,65.0757,-22.7297,49.59,89,100,9.53
180,Matara,LK,2022-07-16 01:05:22,5.9485,80.5353,76.35,90,100,8.08
181,Kaduqli,SD,2022-07-16 01:05:23,11.0167,29.7167,70.66,88,27,1.1
182,Concordia,AR,2022-07-16 01:05:23,-31.393,-58.0209,55.78,99,100,11.01
183,Husavik,IS,2022-07-16 01:05:24,66.0449,-17.3389,50.11,78,100,4.88
184,Verkhnyachka,UA,2022-07-16 01:05:24,48.8285,30.0396,56.53,91,11,6.33
185,Ullapool,GB,2022-07-16 01:05:24,57.8987,-5.1604,51.35,94,99,3.24
186,Uyuni,BO,2022-07-16 01:05:25,-20.4597,-66.825,34.52,20,10,17.36
187,Kidal,ML,2022-07-16 01:05:25,18.4411,1.4078,92.01,28,47,4.85
188,Komsomolskiy,UZ,2022-07-16 01:05:25,40.4272,71.7189,74.12,35,0,4.61
189,Tabou,CI,2022-07-16 01:05:26,4.423,-7.3528,74.26,89,100,9.82
190,Gasa,PS,2022-07-16 01:05:26,31.5,34.4667,68.88,69,0,4.27
191,Great Yarmouth,GB,2022-07-16 01:05:27,52.6083,1.7305,58.41,90,7,10.18
192,Posadas,AR,2022-07-16 01:05:27,-27.3671,-55.8961,71.58,83,75,3.44
193,Adre,TD,2022-07-16 01:05:27,13.4667,22.2,73.29,83,100,3.13
194,Laguna,US,2022-07-16 01:00:39,38.421,-121.4238,103.14,24,0,9.22
195,Kilembe,UG,2022-07-16 01:05:28,0.2,30.0,63.34,78,80,3.0
196,Gat,IL,2022-07-16 01:00:35,31.61,34.7642,75.88,100,0,2.39
197,Gualeguay,AR,2022-07-16 01:05:28,-33.1416,-59.3097,51.15,78,50,8.32
198,Tabuk,PH,2022-07-16 01:05:29,17.4189,121.4443,83.55,75,100,3.62
199,Redcliffe,AU,2022-07-16 01:02:14,-27.2307,153.0973,66.22,59,20,11.5
200,Bathsheba,BB,2022-07-16 01:05:29,13.2167,-59.5167,83.01,89,40,14.97
201,Akdepe,TM,2022-07-16 01:05:30,42.0551,59.3788,82.24,23,3,7.83
202,Odweyne,SO,2022-07-16 01:05:30,9.4092,45.064,70.2,71,100,21.34
203,Bengkulu,ID,2022-07-16 01:05:30,-3.8004,102.2655,77.85,84,100,1.23
204,Sharjah,AE,2022-07-16 01:05:31,25.3573,55.4033,96.78,45,0,5.75
205,Sistranda,NO,2022-07-16 01:05:31,63.7256,8.834,49.96,79,100,18.88
206,Sao Felix Do Xingu,BR,2022-07-16 01:05:31,-6.6447,-51.995,76.28,64,46,0.81
207,Acolla,PE,2022-07-16 01:05:32,-11.7319,-75.5463,48.24,82,9,5.41
208,Mikhaylovka,RU,2022-07-16 01:05:32,50.06,43.2379,64.71,63,0,5.99
209,Sorland,NO,2022-07-16 01:05:32,67.667,12.6934,48.06,84,100,10.33
210,Camabatela,AO,2022-07-16 01:05:33,-8.1881,15.375,57.36,78,0,2.89
211,Hobyo,SO,2022-07-16 01:05:33,5.3505,48.5268,76.68,75,100,24.87
212,Buraydah,SA,2022-07-16 01:05:33,26.326,43.975,84.67,12,98,7.2
213,Kabompo,ZM,2022-07-16 01:05:34,-13.5927,24.2008,57.56,48,5,8.93
214,Paris,FR,2022-07-16 01:05:34,48.8534,2.3488,68.14,61,0,6.91
215,Hambantota,LK,2022-07-16 01:04:19,6.1241,81.1185,79.14,94,20,9.22
216,Guanica,PR,2022-07-16 01:05:35,17.9716,-66.908,81.91,87,5,13.96
217,Ussel,FR,2022-07-16 01:05:35,45.55,2.3167,58.8,57,38,4.63
218,Zaozerne,UA,2022-07-16 01:05:36,45.1582,33.2787,70.16,61,0,9.69
219,Mitu,CO,2022-07-16 01:05:36,1.1983,-70.1733,70.7,98,100,1.77
220,Ancud,CL,2022-07-16 01:05:36,-41.8697,-73.8203,39.13,78,0,3.8
221,Saint Anthony,US,2022-07-16 01:05:37,45.0205,-93.218,85.03,60,20,8.05
222,Sal Rei,CV,2022-07-16 01:05:37,16.1833,-22.9167,74.93,83,20,10.65
223,Polunochnoye,RU,2022-07-16 01:05:38,60.8697,60.4153,62.51,97,100,1.34
224,Mahibadhoo,MV,2022-07-16 01:05:38,3.7833,72.9667,81.75,77,10,7.85
225,Pangnirtung,CA,2022-07-16 01:05:38,66.1451,-65.7125,61.59,46,8,3.76
226,Rozzano,IT,2022-07-16 01:05:40,45.3819,9.1606,79.34,61,0,2.3
227,Banyo,CM,2022-07-16 01:05:40,6.75,11.8167,65.01,99,100,1.45
228,Aasiaat,GL,2022-07-16 01:03:13,68.7098,-52.8699,37.8,91,10,12.33
229,Turayf,SA,2022-07-16 01:05:40,31.6725,38.6637,77.04,37,0,10.31
230,Tete,MZ,2022-07-16 01:05:41,-16.1564,33.5867,61.3,73,7,3.33
231,Dekar,BW,2022-07-16 01:05:41,-21.5333,21.9333,50.04,39,0,8.9
232,Bud,US,2022-07-16 01:05:41,39.447,-86.1758,73.94,90,100,8.99
233,Clyde River,CA,2022-07-16 01:05:42,70.4692,-68.5914,50.77,50,78,9.01
234,Manzil Salim,TN,2022-07-16 01:05:42,35.8567,8.4765,73.62,49,0,4.41
235,Maragogi,BR,2022-07-16 01:05:26,-9.0122,-35.2225,73.54,87,7,8.25
236,Shentala,RU,2022-07-16 01:05:43,54.45,51.4833,58.69,94,0,9.15
237,Necochea,AR,2022-07-16 01:05:43,-38.5473,-58.7368,47.71,94,100,18.5
238,Cockburn Town,TC,2022-07-16 01:05:44,21.4612,-71.1419,81.81,87,67,20.36
239,Belmonte,BR,2022-07-16 01:05:44,-15.8631,-38.8828,72.0,83,75,6.4
240,Havelock,US,2022-07-16 01:05:44,34.8791,-76.9013,80.55,89,0,3.44
241,Saint-Augustin,CA,2022-07-16 01:05:45,51.226,-58.6502,59.31,72,88,9.86
242,Jumla,NP,2022-07-16 01:05:45,29.2747,82.1838,64.87,84,77,0.92
243,Susangerd,IR,2022-07-16 01:05:45,31.5608,48.1831,94.33,18,0,6.76
244,Mehamn,NO,2022-07-16 01:05:46,71.0357,27.8492,55.35,82,100,5.75
245,Miraflores,MX,2022-07-16 01:05:46,19.2167,-98.8083,65.05,90,100,3.42
246,Mansa,IN,2022-07-16 01:05:47,29.9833,75.3833,86.56,60,33,6.2
247,Talcahuano,CL,2022-07-16 01:02:19,-36.7167,-73.1167,43.7,83,71,6.15
248,Saint-Ambroise,CA,2022-07-16 01:05:47,48.5501,-71.3324,65.01,64,100,4.41
249,Biga,TR,2022-07-16 01:05:48,40.2281,27.2422,69.06,89,0,1.66
250,Sept-Iles,CA,2022-07-16 01:04:42,50.2001,-66.3821,63.05,64,88,1.99
251,Eydhafushi,MV,2022-07-16 01:05:48,5.1033,73.0708,81.46,77,13,7.7
252,Beira,MZ,2022-07-16 01:05:48,-19.8436,34.8389,64.78,83,3,10.8
253,Mufulira,ZM,2022-07-16 01:05:49,-12.5498,28.2407,54.14,70,6,3.76
254,Luanda,AO,2022-07-16 01:04:36,-8.8368,13.2343,66.85,94,14,6.13
255,Pokhara,NP,2022-07-16 01:03:03,28.2333,83.9833,75.31,80,5,2.04
256,Saint-Francois,FR,2022-07-16 01:05:49,46.4154,3.9054,58.44,67,0,0.0
257,Ilo,PE,2022-07-16 01:05:50,-17.6394,-71.3375,58.42,80,57,10.36
258,Mercedes,AR,2022-07-16 01:05:50,-34.6515,-59.4307,51.04,83,0,8.37
259,Digha,IN,2022-07-16 01:05:50,21.6833,87.55,83.19,85,48,12.37
260,Tingo Maria,PE,2022-07-16 01:05:51,-9.2895,-76.0088,70.47,96,26,2.51
261,Marquette,US,2022-07-16 01:05:51,46.5333,-87.6335,67.77,65,0,5.88
262,Condega,NI,2022-07-16 01:05:51,13.365,-86.3985,72.14,82,12,4.92
263,Yelets,RU,2022-07-16 01:05:52,52.6237,38.5017,54.16,95,24,6.87
264,Isabela,PH,2022-07-16 01:05:52,6.7085,121.9711,83.68,71,27,3.49
265,Nsanje,MW,2022-07-16 01:05:52,-16.92,35.262,57.49,94,0,3.2
266,Soyo,AO,2022-07-16 01:05:53,-6.1349,12.3689,69.31,95,16,7.65
267,Mbeya,TZ,2022-07-16 01:05:53,-8.9,33.45,54.34,90,52,5.95
268,Dingle,PH,2022-07-16 01:05:53,10.9995,122.6711,82.99,79,71,2.13
269,Praia Da Vitoria,PT,2022-07-16 01:05:54,38.7333,-27.0667,70.75,87,17,13.78
270,Mulanje,MW,2022-07-16 01:05:54,-16.0316,35.5,54.12,87,0,4.34
271,Mumbwa,ZM,2022-07-16 01:05:54,-14.9783,27.0619,55.4,61,0,5.93
272,Novyy Urengoy,RU,2022-07-16 01:05:56,66.0833,76.6333,61.03,50,21,9.19
273,Bulungu,CD,2022-07-16 01:05:56,-4.55,18.6,78.04,38,85,1.88
274,Nuuk,GL,2022-07-16 01:05:57,64.1835,-51.7216,39.81,100,100,13.8
275,Porto Novo,BJ,2022-07-16 01:05:57,6.4965,2.6036,75.4,88,100,8.14
276,Turukhansk,RU,2022-07-16 01:05:57,65.8167,87.9833,60.89,62,69,11.59
277,Zmeinogorsk,RU,2022-07-16 01:05:58,51.1567,82.195,62.76,77,97,4.79
278,Chipinge,ZW,2022-07-16 01:02:14,-20.1883,32.6236,46.45,70,0,2.75
279,Bhinmal,IN,2022-07-16 01:05:58,25.0,72.25,82.35,78,100,8.68
280,Sidi Ali,DZ,2022-07-16 01:05:59,36.0998,0.4206,74.21,64,0,5.82
281,Kathmandu,NP,2022-07-16 01:02:25,27.7167,85.3167,75.42,88,75,2.3
282,Hofn,IS,2022-07-16 01:05:59,64.2539,-15.2082,50.16,88,100,4.74
283,Saint-Georges,GD,2022-07-16 01:05:59,12.0564,-61.7485,78.96,85,100,14.99
284,Vytegra,RU,2022-07-16 01:06:00,61.0064,36.4481,54.5,94,100,6.08
285,Viedma,AR,2022-07-16 01:06:00,-40.8135,-62.9967,45.12,77,100,15.17
286,Santiago,CL,2022-07-16 01:04:12,-33.4569,-70.6483,43.75,76,75,8.05
287,Adamovka,RU,2022-07-16 01:06:01,51.5223,59.9396,65.1,75,0,12.55
288,Batticaloa,LK,2022-07-16 01:06:01,7.7102,81.6924,80.4,69,69,2.53
289,Halifax,CA,2022-07-16 01:05:01,44.6453,-63.5724,65.48,82,0,4.32
290,Vigrestad,NO,2022-07-16 01:06:02,58.5667,5.7,53.28,77,13,21.92
291,Kang,BW,2022-07-16 01:06:02,-23.6752,22.7876,52.77,43,0,9.98
292,Richards Bay,ZA,2022-07-16 01:06:03,-28.783,32.0377,63.84,77,98,2.24
293,Castro,BR,2022-07-16 01:06:03,-24.7911,-50.0119,60.67,69,100,4.25
294,Beisfjord,NO,2022-07-16 01:06:03,68.3751,17.5988,52.05,97,100,3.47
295,Rodrigues Alves,BR,2022-07-16 01:06:04,-7.738,-72.6509,73.36,96,3,2.55
296,Dalbandin,PK,2022-07-16 01:06:04,28.8947,64.4101,84.09,49,62,4.45
297,Zabol,AF,2022-07-16 01:06:05,32.25,67.25,73.45,61,6,4.05
298,Mumford,GH,2022-07-16 01:06:05,5.2618,-0.759,75.11,90,100,11.41
299,Liverpool,GB,2022-07-16 01:06:06,53.4106,-2.9779,58.95,85,40,3.44
300,Maceio,BR,2022-07-16 01:06:06,-9.6658,-35.7353,76.44,83,75,8.05
301,Torrijos,ES,2022-07-16 01:06:06,39.9819,-4.2835,82.13,23,6,7.61
302,Mitsamiouli,KM,2022-07-16 01:06:07,-11.3847,43.2844,76.17,68,7,15.28
303,Kalevala,RU,2022-07-16 01:06:07,65.2,31.1667,51.55,93,100,1.81
304,Gurupi,BR,2022-07-16 01:02:08,-11.7292,-49.0686,77.05,38,1,6.71
305,Shikhazany,RU,2022-07-16 01:06:08,55.5605,47.393,56.61,91,6,7.45
306,Mwaro,BI,2022-07-16 01:06:08,-3.5,29.6667,55.72,69,54,3.67
307,Teguise,ES,2022-07-16 01:06:08,29.0605,-13.564,68.22,78,20,10.36
308,Santa Ana,US,2022-07-16 01:06:09,33.7456,-117.8678,98.71,65,20,10.36
309,Dniprorudne,UA,2022-07-16 01:06:10,47.3817,34.9765,69.64,62,0,6.42
310,Kampene,CD,2022-07-16 01:06:10,-3.6,26.6667,68.99,65,43,1.28
311,Yambio,SS,2022-07-16 01:06:10,4.5721,28.3955,67.55,97,100,2.35
312,Cleveland,US,2022-07-16 01:01:57,41.4995,-81.6954,74.01,53,0,3.44
313,French Harbor,HN,2022-07-16 01:06:11,16.35,-86.4333,82.4,90,75,8.05
314,The Valley,AI,2022-07-16 01:06:12,18.217,-63.0578,82.09,81,4,20.92
315,Roald,NO,2022-07-16 01:06:12,62.5833,6.1333,54.75,76,100,8.05
316,Beroroha,MG,2022-07-16 01:06:13,-21.6667,45.1667,58.82,84,0,3.69
317,Grand Gaube,MU,2022-07-16 01:06:13,-20.0064,57.6608,70.38,75,99,5.99
318,Hamme,BE,2022-07-16 01:06:13,51.0844,4.1354,62.04,80,5,5.73
319,Bam,IR,2022-07-16 01:06:14,29.106,58.357,82.45,14,0,12.46
320,Togur,RU,2022-07-16 01:06:14,58.3631,82.8265,59.43,75,74,3.06
321,Bandarbeyla,SO,2022-07-16 01:06:15,9.4942,50.8122,79.83,70,85,29.37
322,Stromness,GB,2022-07-16 01:06:15,58.965,-3.296,44.56,78,81,10.27
323,Dawson,US,2022-07-16 01:04:20,31.7735,-84.4466,79.18,73,1,5.5
324,Mahajanga,MG,2022-07-16 01:06:15,-15.7167,46.3167,64.42,94,20,2.3
325,Vila Velha,BR,2022-07-16 01:04:02,-20.3297,-40.2925,69.94,90,0,4.61
326,Portobelo,PA,2022-07-16 01:06:16,9.55,-79.65,81.73,86,30,9.51
327,Hualmay,PE,2022-07-16 01:06:16,-11.0964,-77.6139,61.14,82,8,11.9
328,Chalmette,US,2022-07-16 01:06:17,29.9427,-89.9634,84.25,72,0,10.36
329,Moose Factory,CA,2022-07-16 01:06:17,51.2585,-80.6094,74.19,41,8,10.45
330,Altagracia De Orituco,VE,2022-07-16 01:06:18,9.8601,-66.3814,71.24,93,100,4.61
331,Floro,NO,2022-07-16 01:06:18,61.5996,5.0328,51.76,82,20,12.66
332,Lima,PE,2022-07-16 01:05:09,-12.0432,-77.0282,59.25,82,100,13.8
333,Nizwa,OM,2022-07-16 01:01:40,22.9333,57.5333,89.04,42,100,1.23
334,Obala,CM,2022-07-16 01:06:19,4.1667,11.5333,68.27,95,100,4.12
335,Toledo,ES,2022-07-16 01:01:52,39.8333,-4.0,81.09,23,0,9.33
336,Jaguarari,BR,2022-07-16 01:06:20,-10.2639,-40.1958,62.64,90,0,6.42
337,Nantucket,US,2022-07-16 01:03:39,41.2835,-70.0995,72.0,88,0,3.44
338,Medea,DZ,2022-07-16 01:06:20,36.2642,2.7539,71.51,33,0,2.37
339,Fasa,IR,2022-07-16 01:06:21,28.9383,53.6482,77.76,13,99,8.32
340,Ilhabela,BR,2022-07-16 01:06:21,-23.7781,-45.3581,71.65,68,100,4.47
341,Kincardine,GB,2022-07-16 01:06:22,56.0667,-3.7167,53.92,85,70,2.98
342,Barcelos,PT,2022-07-16 01:06:22,41.5388,-8.6151,73.92,84,45,1.97
343,Malumfashi,NG,2022-07-16 01:06:22,11.7853,7.6218,73.29,84,100,3.31
344,Sire,NG,2022-07-16 01:06:23,12.9299,5.2043,77.11,72,100,7.27
345,Amapa,BR,2022-07-16 01:06:23,1.0,-52.0,71.01,98,99,2.13
346,Micheweni,TZ,2022-07-16 01:06:23,-4.9667,39.8333,74.17,87,50,11.99
347,Gannavaram,IN,2022-07-16 01:06:24,16.5333,80.8,80.58,83,40,11.5
348,Axim,GH,2022-07-16 01:06:25,4.8699,-2.2405,75.43,88,98,11.18
349,Lovozero,RU,2022-07-16 01:06:25,68.005,35.0117,59.47,91,100,5.14
350,Volchikha,RU,2022-07-16 01:06:25,52.0333,80.3833,62.87,68,6,4.12
351,Bloemhof,ZA,2022-07-16 01:06:26,-27.6469,25.607,48.45,41,5,6.31
352,Lieto,FI,2022-07-16 01:06:26,60.5103,22.4618,53.92,96,20,8.05
353,Salalah,OM,2022-07-16 01:06:26,17.0151,54.0924,77.32,96,100,9.44
354,Dmitriyevskoye,RU,2022-07-16 01:06:27,45.8053,41.8967,71.38,47,88,7.25
355,Presevo,RS,2022-07-16 01:06:27,42.3092,21.6492,61.27,51,0,4.43
356,Sakakah,SA,2022-07-16 01:06:28,29.9697,40.2064,83.77,27,0,9.37
357,Kosh-Agach,RU,2022-07-16 01:06:28,50.0,88.6667,51.51,71,13,1.52
358,Carnarvon,AU,2022-07-16 01:06:28,-24.8667,113.6333,66.45,46,1,11.16
359,Kibara,TZ,2022-07-16 01:06:29,-2.15,33.45,73.22,57,100,14.43
360,Lasa,IT,2022-07-16 01:06:30,46.6166,10.7002,61.57,89,3,3.56
361,Cozumel,MX,2022-07-16 01:05:07,20.5083,-86.9458,84.94,79,75,7.0
362,Tshikapa,CD,2022-07-16 01:06:30,-6.4167,20.8,78.08,35,85,3.02
363,Aras,ES,2022-07-16 01:06:31,42.5617,-2.356,66.61,60,0,0.0
364,Caravelas,BR,2022-07-16 01:06:31,-17.7125,-39.2481,70.2,82,64,5.06
365,Santa Margherita Ligure,IT,2022-07-16 01:06:31,44.3346,9.212,75.72,83,43,1.01
366,Plauen,DE,2022-07-16 01:06:32,50.5,12.1333,52.84,76,12,3.18
367,Bay Roberts,CA,2022-07-16 01:06:32,47.5999,-53.2648,62.51,94,0,1.01
368,Marsh Harbour,BS,2022-07-16 01:05:32,26.5412,-77.0636,81.55,73,99,15.59
369,Strezhevoy,RU,2022-07-16 01:06:32,60.7333,77.5889,62.33,64,84,1.9
370,Antibes,FR,2022-07-16 01:06:33,43.5624,7.1278,78.28,85,20,9.22
371,Kalmunai,LK,2022-07-16 01:06:33,7.4167,81.8167,80.2,72,100,2.24
372,Prieska,ZA,2022-07-16 01:06:34,-29.6641,22.7474,53.04,35,95,3.24
373,Ginir,ET,2022-07-16 01:06:34,7.1333,40.7,57.85,89,98,9.89
374,Destin,US,2022-07-16 01:06:05,30.3935,-86.4958,82.96,84,0,4.61
375,Saurimo,AO,2022-07-16 01:06:34,-9.6608,20.3916,59.0,48,29,5.55
376,Umm Lajj,SA,2022-07-16 01:06:35,25.0213,37.2685,82.26,65,6,8.34
377,Lithakia,GR,2022-07-16 01:06:35,37.7167,20.8333,65.57,72,0,1.01
378,Sao Borja,BR,2022-07-16 01:04:42,-28.6606,-56.0044,67.95,96,88,5.39
379,Sabha,LY,2022-07-16 01:06:36,27.0377,14.4283,78.13,27,0,9.13
380,Omboue,GA,2022-07-16 01:06:36,-1.5746,9.2618,71.51,87,92,5.1
381,Caceres,ES,2022-07-16 01:06:36,39.522,-6.3748,80.69,35,97,3.89
382,San Pedro,PH,2022-07-16 01:06:37,14.35,121.0167,87.31,75,27,2.95
383,Ouadda,CF,2022-07-16 01:06:37,8.0777,22.4007,67.98,97,99,1.07
384,Harper,LR,2022-07-16 01:06:37,4.375,-7.7169,74.48,86,100,10.49
385,Oranjestad,AW,2022-07-16 01:06:38,12.524,-70.027,82.35,83,20,13.8
386,Gloversville,US,2022-07-16 01:02:11,43.0528,-74.3438,68.11,83,38,2.51
387,Santa Cecilia,BR,2022-07-16 01:04:19,-26.9608,-50.4269,59.4,77,100,4.59
388,Oriximina,BR,2022-07-16 01:06:38,-1.7656,-55.8661,75.51,89,19,3.87
389,Pinheiro,BR,2022-07-16 01:06:39,-2.5214,-45.0825,72.39,97,81,2.39
390,Kindu,CD,2022-07-16 01:06:39,-2.95,25.95,70.84,77,36,1.63
391,Dwarka,IN,2022-07-16 01:06:39,22.2394,68.9678,80.82,91,100,18.9
392,Savelugu,GH,2022-07-16 01:06:40,9.6244,-0.8253,75.88,85,100,6.06
393,Alliston,CA,2022-07-16 01:06:40,44.1501,-79.8663,72.01,54,100,2.93
394,Qafqafa,JO,2022-07-16 01:06:41,32.3483,35.9395,65.55,90,0,5.39
395,Sao Sebastiao,BR,2022-07-16 01:06:41,-23.76,-45.4097,71.71,65,100,5.14
396,Ambilobe,MG,2022-07-16 01:06:41,-13.2,49.05,63.97,88,8,3.09
397,Bonavista,CA,2022-07-16 01:06:42,48.6499,-53.1147,55.51,97,79,3.58
398,Umkomaas,ZA,2022-07-16 01:06:42,-30.2067,30.7978,61.68,80,30,6.58
399,Tocantins,BR,2022-07-16 01:06:42,-10.5,-48.0,71.89,43,0,1.83
400,Marawi,PH,2022-07-16 01:06:43,7.9986,124.2928,78.4,72,75,0.72
401,Joshimath,IN,2022-07-16 01:06:43,30.5667,79.5667,72.1,70,20,2.68
402,Inirida,CO,2022-07-16 01:06:43,3.8653,-67.9239,72.36,97,92,1.7
403,Pisco,PE,2022-07-16 01:04:56,-13.7,-76.2167,62.02,77,56,4.61
404,Potenza,IT,2022-07-16 01:06:45,40.6443,15.8086,60.93,79,0,3.18
405,Muros,ES,2022-07-16 01:06:45,42.7762,-9.0603,69.15,91,34,1.25
406,Tabas,IR,2022-07-16 01:06:46,33.5959,56.9244,80.56,14,0,7.16
407,Velika Kladusa,BA,2022-07-16 01:06:46,45.1894,15.8117,58.1,93,77,3.91
408,Ariquemes,BR,2022-07-16 01:06:46,-9.9133,-63.0408,77.22,62,81,1.99
409,Saint-Pierre,RE,2022-07-16 01:06:47,-21.3393,55.4781,66.9,72,41,5.75
410,Koungou,YT,2022-07-16 01:06:47,-12.7336,45.2042,76.71,78,75,18.41
411,Sovetskiy,RU,2022-07-16 01:06:47,61.3614,63.5842,67.23,86,40,2.26
412,Asosa,ET,2022-07-16 01:06:48,10.0667,34.5333,59.47,96,100,3.91
413,Saquarema,BR,2022-07-16 01:04:58,-22.92,-42.5103,68.81,80,82,12.5
414,Eyrarbakki,IS,2022-07-16 01:06:48,63.863,-21.1481,49.21,90,100,16.15
415,Canto Do Buriti,BR,2022-07-16 01:06:49,-8.11,-42.9444,70.7,39,0,3.56
416,Michigan City,US,2022-07-16 01:02:55,41.7075,-86.895,70.32,97,95,6.87
417,Mutare,ZW,2022-07-16 01:06:49,-18.9707,32.6709,46.98,95,1,0.74
418,Brzesko,PL,2022-07-16 01:06:49,49.9691,20.6061,56.59,77,91,4.05
419,Gornopravdinsk,RU,2022-07-16 01:06:50,60.05,69.9,63.18,95,97,2.28
420,Los Llanos De Aridane,ES,2022-07-16 01:06:50,28.6585,-17.9182,67.75,94,40,10.36
421,Kifri,IQ,2022-07-16 01:06:50,34.6959,44.9661,92.3,19,0,4.47
422,Orbetello,IT,2022-07-16 01:06:51,42.4408,11.2196,73.11,84,0,2.8
423,Irara,BR,2022-07-16 01:06:51,-12.05,-38.7667,63.97,95,0,4.07
424,Port Blair,IN,2022-07-16 01:06:51,11.6667,92.75,81.68,81,100,11.77
425,Mount Abu,IN,2022-07-16 01:06:52,24.6,72.7,69.28,86,99,5.35
426,Desbiens,CA,2022-07-16 01:06:52,48.4178,-71.9495,65.19,67,100,10.78
427,Cuyamel,HN,2022-07-16 01:06:52,15.6667,-88.2,82.56,88,100,6.22
428,Maunabo,PR,2022-07-16 01:05:20,18.0072,-65.8993,82.24,84,21,12.35
429,Grajau,BR,2022-07-16 01:06:53,-5.8194,-46.1386,79.47,45,59,3.29
430,Chateaubelair,VC,2022-07-16 01:06:53,13.2833,-61.25,78.76,84,100,13.47
431,Kangaatsiaq,GL,2022-07-16 01:06:54,68.3065,-53.4641,38.1,92,79,15.84
432,Walvis Bay,NA,2022-07-16 01:06:54,-22.9575,14.5053,67.08,26,0,8.88
433,Ilula,TZ,2022-07-16 01:06:54,-7.6766,36.0366,55.98,95,67,5.55
434,Koson,UZ,2022-07-16 01:06:55,39.0375,65.585,70.12,20,0,6.89
435,Kabare,CD,2022-07-16 01:06:55,-2.4683,28.8242,58.73,84,81,1.01
436,Kostomuksha,RU,2022-07-16 01:06:55,64.571,30.5767,49.66,89,97,1.1
437,Kayes,ML,2022-07-16 01:06:56,14.0,-11.0,82.2,63,5,5.01
438,Gazojak,TM,2022-07-16 01:06:56,41.1875,61.4036,82.65,15,0,10.22
439,Banda Aceh,ID,2022-07-16 01:06:56,5.5577,95.3222,81.77,76,83,11.88
440,Haliyal,IN,2022-07-16 01:06:57,15.3333,74.7667,72.46,91,92,12.39
441,Cotonou,BJ,2022-07-16 01:06:57,6.3654,2.4183,76.44,87,94,12.73
442,Edd,ER,2022-07-16 01:06:57,13.9297,41.6925,91.85,54,77,4.65
443,Kharp,RU,2022-07-16 01:06:58,66.8014,65.8081,61.74,61,19,6.69
444,Ghogha,IN,2022-07-16 01:06:58,21.6833,72.2833,81.52,84,97,18.3
445,Vallenar,CL,2022-07-16 01:06:58,-28.5708,-70.7581,43.14,81,100,4.32
446,Goundam,ML,2022-07-16 01:06:59,16.4145,-3.6708,91.53,39,100,16.64
447,Coquimbo,CL,2022-07-16 01:06:59,-29.9533,-71.3436,47.93,87,100,8.05
448,Rock Sound,BS,2022-07-16 01:06:59,24.9,-76.2,82.22,75,41,14.56
449,Doha,QA,2022-07-16 01:04:23,25.2867,51.5333,91.38,84,80,6.91
450,Vila Franca Do Campo,PT,2022-07-16 01:07:00,37.7167,-25.4333,70.21,91,74,9.26
451,Skibbereen,IE,2022-07-16 01:07:00,51.55,-9.2667,59.11,88,35,3.31
452,Igarka,RU,2022-07-16 01:07:02,67.4667,86.5833,61.72,55,16,8.41
453,Waddan,LY,2022-07-16 01:07:02,29.1614,16.139,73.85,54,0,6.24
454,Middle Island,US,2022-07-16 01:07:02,40.8843,-72.9373,75.09,78,20,5.75
455,Kamenka,RU,2022-07-16 01:07:03,51.3223,42.7678,61.36,70,0,7.49
456,Trzebiatow,PL,2022-07-16 01:07:03,54.0615,15.2648,59.86,83,84,10.2
457,Vestmanna,FO,2022-07-16 01:07:03,62.1564,-7.1664,47.32,93,100,5.75
458,Riberalta,BO,2022-07-16 01:07:04,-10.9833,-66.1,80.51,65,89,2.95
459,Boyuibe,BO,2022-07-16 01:07:04,-20.4167,-63.2833,67.17,75,100,6.44
460,Zhezkazgan,KZ,2022-07-16 01:07:05,47.8043,67.7144,79.39,32,0,5.19
461,Balykshi,KZ,2022-07-16 01:07:05,47.0667,51.8667,66.2,48,0,6.71
462,Barao De Melgaco,BR,2022-07-16 01:07:05,-16.1944,-55.9675,76.62,44,20,5.59
463,Voi,KE,2022-07-16 01:07:06,-3.3945,38.563,65.7,82,86,8.05
464,Santa Cruz De La Palma,ES,2022-07-16 01:07:06,28.6835,-17.7642,71.74,73,40,10.36
465,Pirogovo,RU,2022-07-16 01:07:06,56.7796,53.1495,57.65,95,6,4.79
466,Visnes,NO,2022-07-16 01:07:07,59.3556,5.2242,53.65,82,40,13.8
467,Geraldton,AU,2022-07-16 01:07:07,-28.7667,114.6,52.21,93,0,13.8
468,Cabedelo,BR,2022-07-16 01:07:07,-6.9811,-34.8339,75.87,86,3,13.29
469,Tosya,TR,2022-07-16 01:07:08,41.0155,34.0401,58.68,94,6,2.01
470,Bahia Blanca,AR,2022-07-16 01:04:04,-38.7196,-62.2724,45.88,90,100,13.8
471,Kabalo,CD,2022-07-16 01:07:08,-6.05,26.9167,76.03,43,17,4.7
472,Tambovka,RU,2022-07-16 01:07:09,50.0969,128.0489,77.72,67,58,9.62
473,Vilhena,BR,2022-07-16 01:05:31,-12.7406,-60.1458,73.18,56,100,2.95
474,Doctor Juan Manuel Frutos,PY,2022-07-16 01:07:09,-25.3667,-55.8,72.79,60,100,5.84
475,Bosaso,SO,2022-07-16 01:07:09,11.2842,49.1816,87.91,50,100,25.99
476,Kavaratti,IN,2022-07-16 01:07:10,10.5669,72.642,81.55,79,73,16.78
477,Chicama,PE,2022-07-16 01:07:10,-7.8447,-79.1469,59.54,84,18,6.67
478,Itarema,BR,2022-07-16 01:07:10,-2.9248,-39.9167,78.28,80,25,11.56
479,Margate,GB,2022-07-16 01:07:11,51.3813,1.3862,64.69,74,8,1.01
480,Konstantinovo,BY,2022-07-16 01:07:11,54.6628,29.2699,48.83,98,33,8.12
481,Kudahuvadhoo,MV,2022-07-16 01:07:12,2.6708,72.8944,83.05,73,19,10.38
482,Olinda,BR,2022-07-16 01:04:51,-8.0089,-34.8553,74.93,88,75,10.36
483,Melnikovo,RU,2022-07-16 01:07:12,56.5558,84.085,57.25,90,98,0.2
484,Pryazha,RU,2022-07-16 01:07:12,61.6926,33.6216,49.69,97,30,5.19
485,Kutum,SD,2022-07-16 01:07:13,14.2,24.6667,73.85,67,100,8.43
486,Mwanga,TZ,2022-07-16 01:07:13,-4.8,38.2,64.22,87,94,2.93
487,Petauke,ZM,2022-07-16 01:07:13,-14.2426,31.3253,58.98,60,20,10.74
488,Pinehurst,US,2022-07-16 01:07:14,35.1954,-79.4695,78.06,90,20,0.0
489,Ugoofaaru,MV,2022-07-16 01:07:14,5.6667,73.0,81.86,76,62,8.95
490,Sur,OM,2022-07-16 01:07:14,22.5667,59.5289,86.23,74,100,7.43
491,Beyneu,KZ,2022-07-16 01:07:15,45.3167,55.2,82.35,30,0,8.14
492,Tapes,BR,2022-07-16 01:05:09,-30.6733,-51.3958,61.93,97,100,5.84
493,Copiapo,CL,2022-07-16 01:07:15,-27.3667,-70.3333,46.09,94,100,4.27
494,Canavieiras,BR,2022-07-16 01:07:16,-15.675,-38.9472,70.05,90,82,3.44
495,Maroantsetra,MG,2022-07-16 01:07:16,-15.4333,49.7333,67.15,92,89,1.48
496,Mandera,KE,2022-07-16 01:07:16,3.9366,41.867,74.61,69,98,15.77
497,Korla,CN,2022-07-16 01:07:17,41.7597,86.1469,69.89,60,100,10.11
498,Garowe,SO,2022-07-16 01:07:17,8.4054,48.4845,75.29,67,57,23.64
499,Mouila,GA,2022-07-16 01:07:17,-1.8685,11.0559,70.25,88,76,2.48
500,Castelldefels,ES,2022-07-16 01:07:18,41.2779,1.9703,87.08,40,0,6.91
501,Pontes E Lacerda,BR,2022-07-16 01:07:18,-15.2261,-59.3353,75.22,51,100,3.06
502,Rampur,IN,2022-07-16 01:07:19,28.8167,79.0333,88.32,53,48,7.72
503,Berlevag,NO,2022-07-16 01:07:20,70.8578,29.0864,55.4,87,75,5.75
504,Ballina,AU,2022-07-16 01:07:20,-28.8667,153.5667,65.01,68,3,2.39
505,Asuncion Mita,GT,2022-07-16 01:07:20,14.3308,-89.7108,84.85,91,100,4.09
506,Goderich,CA,2022-07-16 01:07:21,43.7501,-81.7165,71.91,63,100,7.05
507,Casimiro De Abreu,BR,2022-07-16 01:07:21,-22.4806,-42.2042,68.31,77,24,5.3
508,San Agustin,MX,2022-07-16 01:07:21,20.5333,-103.4667,72.72,56,75,4.61
509,Pedro Ii,BR,2022-07-16 01:07:22,-4.4247,-41.4586,75.13,54,100,3.15
510,Hamilton,US,2022-07-16 01:04:15,39.1834,-84.5333,79.65,61,75,5.75
511,Palaikastron,GR,2022-07-16 01:07:22,35.2,26.25,74.73,70,0,22.59
512,San Matias,BO,2022-07-16 01:07:23,-16.3667,-58.4,79.63,41,100,6.51
513,Plettenberg Bay,ZA,2022-07-16 01:07:23,-34.0527,23.3716,58.44,63,100,3.91
514,Kardla,EE,2022-07-16 01:07:23,58.9978,22.7492,58.05,77,100,15.99
515,Ibipeba,BR,2022-07-16 01:07:24,-11.6408,-42.0111,64.02,69,6,6.42
516,Marsa Matruh,EG,2022-07-16 01:08:36,31.3525,27.2453,75.43,76,0,10.89
517,Benicarlo,ES,2022-07-16 01:08:37,40.4165,0.4271,84.9,58,0,6.33
518,Challapata,BO,2022-07-16 01:08:37,-18.9,-66.7667,37.54,31,31,3.22
519,Mugla,TR,2022-07-16 01:08:38,37.2303,28.3557,66.58,45,0,4.97
520,Elayirampannai,IN,2022-07-16 01:06:11,9.2667,77.8333,79.61,66,73,11.21
521,Uyemskiy,RU,2022-07-16 01:08:38,64.4743,40.8524,60.85,100,75,2.24
522,Namalenga,TZ,2022-07-16 01:08:38,-10.95,39.1,61.79,92,6,2.04
523,Deder,ET,2022-07-16 01:08:39,9.3167,41.45,54.45,92,96,7.18
524,Sault Sainte Marie,CA,2022-07-16 01:05:15,46.5168,-84.3333,68.56,52,0,0.0
525,Le Vauclin,MQ,2022-07-16 01:08:39,14.5452,-60.8388,82.45,78,75,11.5
526,Nouadhibou,MR,2022-07-16 01:08:40,20.931,-17.0347,68.58,87,4,19.93
527,Macas,EC,2022-07-16 01:08:40,-2.3167,-78.1167,68.81,98,94,1.99
528,Sainte-Maxime,FR,2022-07-16 01:08:40,43.3,6.6333,74.32,90,6,6.6
529,Kandi,BJ,2022-07-16 01:08:41,11.1342,2.9386,75.97,84,100,6.46
530,Talas,TR,2022-07-16 01:08:41,38.6908,35.5538,56.07,88,0,3.44
